{
  "UDH-000338": {
    "region": "Al Udhayb",
    "category": "minor_evolution",
    "centroid": [38.04150611797777, 26.697500811500134],
    "polygon": [[38.04074,26.69773],[38.04152,26.69824],[38.04306,26.6977],[38.04219,26.69686],[38.04078,26.69675],[38.04074,26.69773]],
    "q4_2023_avg": 0.1213,
    "q4_2025_avg": 0.13,
    "change_percent": 7.2,
    "values": [0.1572,0.1437,0.1346,0.1151,0.111,0.1101,0.1151,0.0972,0.1111,0.1183,0.123,0.1227,0.1226,0.1225,0.1255,0.1253,0.1237,0.118,0.1124,0.1109,0.1236,0.1331,0.1381,0.1448,0.1451,0.1328,0.1254,0.1305,0.1286,0.1284,0.127,0.119,0.1276,0.1316,0.1298,0.1286]
  },
  "UDH-000373": {
    "region": "Al Udhayb",
    "category": "moderate_evolution",
    "centroid": [37.985971679448106, 26.7421912110692],
    "polygon": [[37.98637,26.74194],[37.98591,26.74151],[37.98538,26.74158],[37.98497,26.7426],[37.98591,26.7427],[37.98615,26.74279],[37.98642,26.74248],[37.98627,26.74218],[37.98637,26.74194]],
    "q4_2023_avg": 0.1939,
    "q4_2025_avg": 0.2198,
    "change_percent": 13.4,
    "values": [0.1964,0.1623,0.2123,0.1898,0.1856,0.1745,0.1822,0.1916,0.1851,0.1854,0.1865,0.2099,0.2072,0.2025,0.2061,0.2222,0.2085,0.1895,0.1823,0.1728,0.1945,0.2062,0.2061,0.2156,0.2117,0.2095,0.2107,0.2079,0.1959,0.202,0.1959,0.1844,0.2015,0.219,0.2109,0.2295]
  },
  "UDH-000337": {
    "region": "Al Udhayb",
    "category": "minor_decay",
    "centroid": [38.0687481665151, 26.7034545192527],
    "polygon": [[38.06793,26.70326],[38.06871,26.70416],[38.0701,26.70385],[38.06906,26.70274],[38.06793,26.70326]],
    "q4_2023_avg": 0.0911,
    "q4_2025_avg": 0.0847,
    "change_percent": -7,
    "values": [0.1719,0.1527,0.1185,0.1013,0.0969,0.0878,0.0888,0.0855,0.0846,0.0865,0.0901,0.0967,0.0938,0.0913,0.0911,0.0903,0.0899,0.0848,0.079,0.0757,0.086,0.0952,0.0955,0.1021,0.1033,0.1037,0.0898,0.0958,0.0887,0.0814,0.0812,0.0734,0.076,0.082,0.0887,0.0835]
  },
  "KHP-00007": {
    "region": "Khaybar",
    "category": "major_decay",
    "centroid": [39.24529464250898, 25.7360428282531],
    "polygon": [[39.2454,25.7363],[39.24555,25.73628],[39.24562,25.73622],[39.24574,25.73615],[39.24571,25.73606],[39.24556,25.73584],[39.24551,25.73571],[39.24544,25.73565],[39.24536,25.73565],[39.24511,25.73571],[39.24502,25.73579],[39.24495,25.73591],[39.24495,25.736],[39.24498,25.73612],[39.245,25.73621],[39.24504,25.73625],[39.24513,25.73626],[39.24518,25.7363],[39.2453,25.73629],[39.2454,25.7363]],
    "q4_2023_avg": 0.2764,
    "q4_2025_avg": 0.1878,
    "change_percent": -32.1,
    "values": [0.3138,0.2473,0.2829,0.2513,0.2344,0.2301,0.2227,0.2215,0.2203,0.2629,0.2985,0.2679,0.2869,0.2814,0.2434,0.1886,0.1707,0.1515,0.1518,0.145,0.1575,0.163,0.1912,0.1947,0.1988,0.1724,0.1627,0.1688,0.1468,0.1516,0.1447,0.134,0.1432,0.1657,0.1932,0.2046]
  },
  "KHP-00002": {
    "region": "Khaybar",
    "category": "moderate_evolution",
    "centroid": [39.25215034858474, 25.73522811124758],
    "polygon": [[39.25256,25.73535],[39.25259,25.73522],[39.25248,25.73519],[39.25223,25.73509],[39.25213,25.73507],[39.25204,25.7351],[39.25197,25.7351],[39.25194,25.73506],[39.25188,25.73503],[39.25179,25.73506],[39.25178,25.73515],[39.25192,25.73538],[39.25204,25.73544],[39.25219,25.73547],[39.25235,25.73548],[39.25252,25.7354]],
    "q4_2023_avg": 0.249,
    "q4_2025_avg": 0.2774,
    "change_percent": 11.4,
    "values": [0.3233,0.2779,0.294,0.2549,0.2289,0.2265,0.2127,0.2097,0.2082,0.2414,0.2306,0.275,0.2438,0.2452,0.2256,0.2287,0.2173,0.1999,0.1844,0.1851,0.2108,0.2218,0.2589,0.2678,0.2832,0.2436,0.2601,0.2448,0.2094,0.2158,0.2125,0.2009,0.2136,0.2468,0.2801,0.3052]
  },
  "UDH-000002": {
    "region": "Al Udhayb",
    "category": "moderate_evolution",
    "centroid": [37.927514666079325, 26.7213654062107],
    "polygon": [[37.92848,26.72107],[37.9271,26.72005],[37.92629,26.72083],[37.92696,26.72138],[37.92721,26.72166],[37.92754,26.72196],[37.92768,26.72215],[37.9279,26.72211],[37.92848,26.72107]],
    "q4_2023_avg": 0.4783,
    "q4_2025_avg": 0.5334,
    "change_percent": 11.5,
    "values": [0.5451,0.5494,0.4859,0.4672,0.4341,0.4189,0.4275,0.3858,0.4269,0.4627,0.5085,0.4636,0.5085,0.5512,0.4928,0.5179,0.4995,0.4634,0.4439,0.4385,0.4741,0.5061,0.5297,0.5526,0.5338,0.4986,0.4839,0.4672,0.4339,0.4434,0.4426,0.4253,0.4529,0.5012,0.5385,0.5605]
  }
}
